Workbook

Sheet Inventory
A2: inventory tracker
A4: 1. Add each item once below. Enter a unique item code, unit, opening quantity and minimum quantity.
A5: 2. Record every receipt or issue on Stock Log. Stock in, stock out and current stock calculate automatically.
A6: 3. Review REORDER and NEGATIVE STOCK alerts. Yellow cells are editable; white calculation cells update automatically.
A7: Use one unit per item, such as kg, litre, box or piece. Opening stock is the quantity before your first logged transaction.
A8: Capacity: 50 items and 300 transactions. Balances include all logged transactions; enter completed movements only.
A9: Log rows needing correction: | C9: =COUNTIFS('Stock Log'!$H$12:$H$311,"COMPLETE ENTRY")+COUNTIFS('Stock Log'!$H$12:$H$311,"CHECK ITEM CODE")+COUNTIFS('Stock Log'!$H$12:$H$311,"CHECK DATE")+COUNTIFS('Stock Log'!$H$12:$H$311,"USE IN OR OUT")+COUNTIFS('Stock Log'!$H$12:$H$311,"POSITIVE QTY NEEDED") -> 1 | E9: Correct flagged rows before relying on balances.
A11: Item code | B11: Item name | C11: Unit | D11: Opening stock | E11: Stock in | F11: Stock out | G11: Current stock | H11: Minimum stock | I11: Status | J11: Location / shelf | K11: Notes
A12: A1 | B12: Sugar | C12: KG | D12: 2 | E12: =IF(A12="","",SUMIFS('Stock Log'!$E$12:$E$311,'Stock Log'!$B$12:$B$311,A12,'Stock Log'!$D$12:$D$311,"IN")) -> 0 | F12: =IF(A12="","",SUMIFS('Stock Log'!$E$12:$E$311,'Stock Log'!$B$12:$B$311,A12,'Stock Log'!$D$12:$D$311,"OUT")) -> 0 | G12: =IF(OR(A12="",D12=""),"",D12+E12-F12) -> 2 | H12: 3 | I12: =IF(A12="","",IF(COUNTIFS($A$12:$A$61,A12)>1,"DUPLICATE CODE",IF(OR(B12="",C12="",D12="",H12=""),"COMPLETE SETUP",IF(G12<0,"NEGATIVE STOCK",IF(G12<=H12,"REORDER","OK"))))) -> REORDER | J12: store
A13: A2 | B13: Flour | C13: kg | D13: 3 | E13: =IF(A13="","",SUMIFS('Stock Log'!$E$12:$E$311,'Stock Log'!$B$12:$B$311,A13,'Stock Log'!$D$12:$D$311,"IN")) -> 0 | F13: =IF(A13="","",SUMIFS('Stock Log'!$E$12:$E$311,'Stock Log'!$B$12:$B$311,A13,'Stock Log'!$D$12:$D$311,"OUT")) -> 2 | G13: =IF(OR(A13="",D13=""),"",D13+E13-F13) -> 1 | H13: 2 | I13: =IF(A13="","",IF(COUNTIFS($A$12:$A$61,A13)>1,"DUPLICATE CODE",IF(OR(B13="",C13="",D13="",H13=""),"COMPLETE SETUP",IF(G13<0,"NEGATIVE STOCK",IF(G13<=H13,"REORDER","OK"))))) -> REORDER
E14: =IF(A14="","",SUMIFS('Stock Log'!$E$12:$E$311,'Stock Log'!$B$12:$B$311,A14,'Stock Log'!$D$12:$D$311,"IN")) | F14: =IF(A14="","",SUMIFS('Stock Log'!$E$12:$E$311,'Stock Log'!$B$12:$B$311,A14,'Stock Log'!$D$12:$D$311,"OUT")) | G14: =IF(OR(A14="",D14=""),"",D14+E14-F14) | I14: =IF(A14="","",IF(COUNTIFS($A$12:$A$61,A14)>1,"DUPLICATE CODE",IF(OR(B14="",C14="",D14="",H14=""),"COMPLETE SETUP",IF(G14<0,"NEGATIVE STOCK",IF(G14<=H14,"REORDER","OK")))))
E15: =IF(A15="","",SUMIFS('Stock Log'!$E$12:$E$311,'Stock Log'!$B$12:$B$311,A15,'Stock Log'!$D$12:$D$311,"IN")) | F15: =IF(A15="","",SUMIFS('Stock Log'!$E$12:$E$311,'Stock Log'!$B$12:$B$311,A15,'Stock Log'!$D$12:$D$311,"OUT")) | G15: =IF(OR(A15="",D15=""),"",D15+E15-F15) | I15: =IF(A15="","",IF(COUNTIFS($A$12:$A$61,A15)>1,"DUPLICATE CODE",IF(OR(B15="",C15="",D15="",H15=""),"COMPLETE SETUP",IF(G15<0,"NEGATIVE STOCK",IF(G15<=H15,"REORDER","OK")))))
E16: =IF(A16="","",SUMIFS('Stock Log'!$E$12:$E$311,'Stock Log'!$B$12:$B$311,A16,'Stock Log'!$D$12:$D$311,"IN")) | F16: =IF(A16="","",SUMIFS('Stock Log'!$E$12:$E$311,'Stock Log'!$B$12:$B$311,A16,'Stock Log'!$D$12:$D$311,"OUT")) | G16: =IF(OR(A16="",D16=""),"",D16+E16-F16) | I16: =IF(A16="","",IF(COUNTIFS($A$12:$A$61,A16)>1,"DUPLICATE CODE",IF(OR(B16="",C16="",D16="",H16=""),"COMPLETE SETUP",IF(G16<0,"NEGATIVE STOCK",IF(G16<=H16,"REORDER","OK")))))
E17: =IF(A17="","",SUMIFS('Stock Log'!$E$12:$E$311,'Stock Log'!$B$12:$B$311,A17,'Stock Log'!$D$12:$D$311,"IN")) | F17: =IF(A17="","",SUMIFS('Stock Log'!$E$12:$E$311,'Stock Log'!$B$12:$B$311,A17,'Stock Log'!$D$12:$D$311,"OUT")) | G17: =IF(OR(A17="",D17=""),"",D17+E17-F17) | I17: =IF(A17="","",IF(COUNTIFS($A$12:$A$61,A17)>1,"DUPLICATE CODE",IF(OR(B17="",C17="",D17="",H17=""),"COMPLETE SETUP",IF(G17<0,"NEGATIVE STOCK",IF(G17<=H17,"REORDER","OK")))))
E18: =IF(A18="","",SUMIFS('Stock Log'!$E$12:$E$311,'Stock Log'!$B$12:$B$311,A18,'Stock Log'!$D$12:$D$311,"IN")) | F18: =IF(A18="","",SUMIFS('Stock Log'!$E$12:$E$311,'Stock Log'!$B$12:$B$311,A18,'Stock Log'!$D$12:$D$311,"OUT")) | G18: =IF(OR(A18="",D18=""),"",D18+E18-F18) | I18: =IF(A18="","",IF(COUNTIFS($A$12:$A$61,A18)>1,"DUPLICATE CODE",IF(OR(B18="",C18="",D18="",H18=""),"COMPLETE SETUP",IF(G18<0,"NEGATIVE STOCK",IF(G18<=H18,"REORDER","OK")))))
E19: =IF(A19="","",SUMIFS('Stock Log'!$E$12:$E$311,'Stock Log'!$B$12:$B$311,A19,'Stock Log'!$D$12:$D$311,"IN")) | F19: =IF(A19="","",SUMIFS('Stock Log'!$E$12:$E$311,'Stock Log'!$B$12:$B$311,A19,'Stock Log'!$D$12:$D$311,"OUT")) | G19: =IF(OR(A19="",D19=""),"",D19+E19-F19) | I19: =IF(A19="","",IF(COUNTIFS($A$12:$A$61,A19)>1,"DUPLICATE CODE",IF(OR(B19="",C19="",D19="",H19=""),"COMPLETE SETUP",IF(G19<0,"NEGATIVE STOCK",IF(G19<=H19,"REORDER","OK")))))
E20: =IF(A20="","",SUMIFS('Stock Log'!$E$12:$E$311,'Stock Log'!$B$12:$B$311,A20,'Stock Log'!$D$12:$D$311,"IN")) | F20: =IF(A20="","",SUMIFS('Stock Log'!$E$12:$E$311,'Stock Log'!$B$12:$B$311,A20,'Stock Log'!$D$12:$D$311,"OUT")) | G20: =IF(OR(A20="",D20=""),"",D20+E20-F20) | I20: =IF(A20="","",IF(COUNTIFS($A$12:$A$61,A20)>1,"DUPLICATE CODE",IF(OR(B20="",C20="",D20="",H20=""),"COMPLETE SETUP",IF(G20<0,"NEGATIVE STOCK",IF(G20<=H20,"REORDER","OK")))))
E21: =IF(A21="","",SUMIFS('Stock Log'!$E$12:$E$311,'Stock Log'!$B$12:$B$311,A21,'Stock Log'!$D$12:$D$311,"IN")) | F21: =IF(A21="","",SUMIFS('Stock Log'!$E$12:$E$311,'Stock Log'!$B$12:$B$311,A21,'Stock Log'!$D$12:$D$311,"OUT")) | G21: =IF(OR(A21="",D21=""),"",D21+E21-F21) | I21: =IF(A21="","",IF(COUNTIFS($A$12:$A$61,A21)>1,"DUPLICATE CODE",IF(OR(B21="",C21="",D21="",H21=""),"COMPLETE SETUP",IF(G21<0,"NEGATIVE STOCK",IF(G21<=H21,"REORDER","OK")))))
E22: =IF(A22="","",SUMIFS('Stock Log'!$E$12:$E$311,'Stock Log'!$B$12:$B$311,A22,'Stock Log'!$D$12:$D$311,"IN")) | F22: =IF(A22="","",SUMIFS('Stock Log'!$E$12:$E$311,'Stock Log'!$B$12:$B$311,A22,'Stock Log'!$D$12:$D$311,"OUT")) | G22: =IF(OR(A22="",D22=""),"",D22+E22-F22) | I22: =IF(A22="","",IF(COUNTIFS($A$12:$A$61,A22)>1,"DUPLICATE CODE",IF(OR(B22="",C22="",D22="",H22=""),"COMPLETE SETUP",IF(G22<0,"NEGATIVE STOCK",IF(G22<=H22,"REORDER","OK")))))
E23: =IF(A23="","",SUMIFS('Stock Log'!$E$12:$E$311,'Stock Log'!$B$12:$B$311,A23,'Stock Log'!$D$12:$D$311,"IN")) | F23: =IF(A23="","",SUMIFS('Stock Log'!$E$12:$E$311,'Stock Log'!$B$12:$B$311,A23,'Stock Log'!$D$12:$D$311,"OUT")) | G23: =IF(OR(A23="",D23=""),"",D23+E23-F23) | I23: =IF(A23="","",IF(COUNTIFS($A$12:$A$61,A23)>1,"DUPLICATE CODE",IF(OR(B23="",C23="",D23="",H23=""),"COMPLETE SETUP",IF(G23<0,"NEGATIVE STOCK",IF(G23<=H23,"REORDER","OK")))))
E24: =IF(A24="","",SUMIFS('Stock Log'!$E$12:$E$311,'Stock Log'!$B$12:$B$311,A24,'Stock Log'!$D$12:$D$311,"IN")) | F24: =IF(A24="","",SUMIFS('Stock Log'!$E$12:$E$311,'Stock Log'!$B$12:$B$311,A24,'Stock Log'!$D$12:$D$311,"OUT")) | G24: =IF(OR(A24="",D24=""),"",D24+E24-F24) | I24: =IF(A24="","",IF(COUNTIFS($A$12:$A$61,A24)>1,"DUPLICATE CODE",IF(OR(B24="",C24="",D24="",H24=""),"COMPLETE SETUP",IF(G24<0,"NEGATIVE STOCK",IF(G24<=H24,"REORDER","OK")))))
E25: =IF(A25="","",SUMIFS('Stock Log'!$E$12:$E$311,'Stock Log'!$B$12:$B$311,A25,'Stock Log'!$D$12:$D$311,"IN")) | F25: =IF(A25="","",SUMIFS('Stock Log'!$E$12:$E$311,'Stock Log'!$B$12:$B$311,A25,'Stock Log'!$D$12:$D$311,"OUT")) | G25: =IF(OR(A25="",D25=""),"",D25+E25-F25) | I25: =IF(A25="","",IF(COUNTIFS($A$12:$A$61,A25)>1,"DUPLICATE CODE",IF(OR(B25="",C25="",D25="",H25=""),"COMPLETE SETUP",IF(G25<0,"NEGATIVE STOCK",IF(G25<=H25,"REORDER","OK")))))
... E61: =IF(A61="","",SUMIFS('Stock Log'!$E$12:$E$311,'Stock Log'!$B$12:$B$311,A61,'Stock Log'!$D$12:$D$311,"IN")) | F61: =IF(A61="","",SUMIFS('Stock Log'!$E$12:$E$311,'Stock Log'!$B$12:$B$311,A61,'Stock Log'!$D$12:$D$311,"OUT")) | G61: =IF(OR(A61="",D61=""),"",D61+E61-F61) | I61: =IF(A61="","",IF(COUNTIFS($A$12:$A$61,A61)>1,"DUPLICATE CODE",IF(OR(B61="",C61="",D61="",H61=""),"COMPLETE SETUP",IF(G61<0,"NEGATIVE STOCK",IF(G61<=H61,"REORDER","OK")))))

Sheet Stock Log
A2: Daily stock log
A4: Enter one completed stock movement per row. Select the item code, choose IN or OUT and enter a positive quantity.
A5: IN = purchases, customer returns or stock increases. OUT = sales, usage, damage or supplier returns.
A6: Use the same unit as Inventory. Add a document reference and describe returns, damage or count adjustments in Notes.
A7: Example only: 06-Oct-2026 | COF001 | Coffee beans | IN | 5 | Invoice 001 | Purchased 5 kg.
A8: Register the item on Inventory first. Do not log opening stock again. Do not change an item code after logging it.
A9: Row check identifies incomplete entries and unknown codes. Correct every row showing a message other than OK.
A11: Date | B11: Item code | C11: Item name (auto) | D11: IN / OUT | E11: Quantity | F11: Reference / invoice | G11: Notes | H11: Row check
A12: 46302 | B12: A1 | C12: =IF(B12="","",IF(COUNTIFS(Inventory!$A$12:$A$61,B12)=1,VLOOKUP(B12,Inventory!$A$12:$B$61,2,FALSE),"CHECK ITEM CODE")) -> Sugar | D12: IN | E12: 0 | F12: 12345 | H12: =IF(COUNTA(A12:B12,D12:G12)=0,"",IF(OR(A12="",B12="",D12="",E12=""),"COMPLETE ENTRY",IF(COUNTIFS(Inventory!$A$12:$A$61,B12)<>1,"CHECK ITEM CODE",IF(OR(NOT(ISNUMBER(A12)),A12<=0),"CHECK DATE",IF(AND(D12<>"IN",D12<>"OUT"),"USE IN OR OUT",IF(OR(NOT(ISNUMBER(E12)),E12<=0),"POSITIVE QTY NEEDED","OK")))))) -> POSITIVE QTY NEEDED
A13: 46302 | B13: A2 | C13: =IF(B13="","",IF(COUNTIFS(Inventory!$A$12:$A$61,B13)=1,VLOOKUP(B13,Inventory!$A$12:$B$61,2,FALSE),"CHECK ITEM CODE")) -> Flour | D13: OUT | E13: 2 | F13: 123454 | H13: =IF(COUNTA(A13:B13,D13:G13)=0,"",IF(OR(A13="",B13="",D13="",E13=""),"COMPLETE ENTRY",IF(COUNTIFS(Inventory!$A$12:$A$61,B13)<>1,"CHECK ITEM CODE",IF(OR(NOT(ISNUMBER(A13)),A13<=0),"CHECK DATE",IF(AND(D13<>"IN",D13<>"OUT"),"USE IN OR OUT",IF(OR(NOT(ISNUMBER(E13)),E13<=0),"POSITIVE QTY NEEDED","OK")))))) -> OK
C14: =IF(B14="","",IF(COUNTIFS(Inventory!$A$12:$A$61,B14)=1,VLOOKUP(B14,Inventory!$A$12:$B$61,2,FALSE),"CHECK ITEM CODE")) | H14: =IF(COUNTA(A14:B14,D14:G14)=0,"",IF(OR(A14="",B14="",D14="",E14=""),"COMPLETE ENTRY",IF(COUNTIFS(Inventory!$A$12:$A$61,B14)<>1,"CHECK ITEM CODE",IF(OR(NOT(ISNUMBER(A14)),A14<=0),"CHECK DATE",IF(AND(D14<>"IN",D14<>"OUT"),"USE IN OR OUT",IF(OR(NOT(ISNUMBER(E14)),E14<=0),"POSITIVE QTY NEEDED","OK"))))))
C15: =IF(B15="","",IF(COUNTIFS(Inventory!$A$12:$A$61,B15)=1,VLOOKUP(B15,Inventory!$A$12:$B$61,2,FALSE),"CHECK ITEM CODE")) | H15: =IF(COUNTA(A15:B15,D15:G15)=0,"",IF(OR(A15="",B15="",D15="",E15=""),"COMPLETE ENTRY",IF(COUNTIFS(Inventory!$A$12:$A$61,B15)<>1,"CHECK ITEM CODE",IF(OR(NOT(ISNUMBER(A15)),A15<=0),"CHECK DATE",IF(AND(D15<>"IN",D15<>"OUT"),"USE IN OR OUT",IF(OR(NOT(ISNUMBER(E15)),E15<=0),"POSITIVE QTY NEEDED","OK"))))))
C16: =IF(B16="","",IF(COUNTIFS(Inventory!$A$12:$A$61,B16)=1,VLOOKUP(B16,Inventory!$A$12:$B$61,2,FALSE),"CHECK ITEM CODE")) | H16: =IF(COUNTA(A16:B16,D16:G16)=0,"",IF(OR(A16="",B16="",D16="",E16=""),"COMPLETE ENTRY",IF(COUNTIFS(Inventory!$A$12:$A$61,B16)<>1,"CHECK ITEM CODE",IF(OR(NOT(ISNUMBER(A16)),A16<=0),"CHECK DATE",IF(AND(D16<>"IN",D16<>"OUT"),"USE IN OR OUT",IF(OR(NOT(ISNUMBER(E16)),E16<=0),"POSITIVE QTY NEEDED","OK"))))))
C17: =IF(B17="","",IF(COUNTIFS(Inventory!$A$12:$A$61,B17)=1,VLOOKUP(B17,Inventory!$A$12:$B$61,2,FALSE),"CHECK ITEM CODE")) | H17: =IF(COUNTA(A17:B17,D17:G17)=0,"",IF(OR(A17="",B17="",D17="",E17=""),"COMPLETE ENTRY",IF(COUNTIFS(Inventory!$A$12:$A$61,B17)<>1,"CHECK ITEM CODE",IF(OR(NOT(ISNUMBER(A17)),A17<=0),"CHECK DATE",IF(AND(D17<>"IN",D17<>"OUT"),"USE IN OR OUT",IF(OR(NOT(ISNUMBER(E17)),E17<=0),"POSITIVE QTY NEEDED","OK"))))))
C18: =IF(B18="","",IF(COUNTIFS(Inventory!$A$12:$A$61,B18)=1,VLOOKUP(B18,Inventory!$A$12:$B$61,2,FALSE),"CHECK ITEM CODE")) | H18: =IF(COUNTA(A18:B18,D18:G18)=0,"",IF(OR(A18="",B18="",D18="",E18=""),"COMPLETE ENTRY",IF(COUNTIFS(Inventory!$A$12:$A$61,B18)<>1,"CHECK ITEM CODE",IF(OR(NOT(ISNUMBER(A18)),A18<=0),"CHECK DATE",IF(AND(D18<>"IN",D18<>"OUT"),"USE IN OR OUT",IF(OR(NOT(ISNUMBER(E18)),E18<=0),"POSITIVE QTY NEEDED","OK"))))))
C19: =IF(B19="","",IF(COUNTIFS(Inventory!$A$12:$A$61,B19)=1,VLOOKUP(B19,Inventory!$A$12:$B$61,2,FALSE),"CHECK ITEM CODE")) | H19: =IF(COUNTA(A19:B19,D19:G19)=0,"",IF(OR(A19="",B19="",D19="",E19=""),"COMPLETE ENTRY",IF(COUNTIFS(Inventory!$A$12:$A$61,B19)<>1,"CHECK ITEM CODE",IF(OR(NOT(ISNUMBER(A19)),A19<=0),"CHECK DATE",IF(AND(D19<>"IN",D19<>"OUT"),"USE IN OR OUT",IF(OR(NOT(ISNUMBER(E19)),E19<=0),"POSITIVE QTY NEEDED","OK"))))))
C20: =IF(B20="","",IF(COUNTIFS(Inventory!$A$12:$A$61,B20)=1,VLOOKUP(B20,Inventory!$A$12:$B$61,2,FALSE),"CHECK ITEM CODE")) | H20: =IF(COUNTA(A20:B20,D20:G20)=0,"",IF(OR(A20="",B20="",D20="",E20=""),"COMPLETE ENTRY",IF(COUNTIFS(Inventory!$A$12:$A$61,B20)<>1,"CHECK ITEM CODE",IF(OR(NOT(ISNUMBER(A20)),A20<=0),"CHECK DATE",IF(AND(D20<>"IN",D20<>"OUT"),"USE IN OR OUT",IF(OR(NOT(ISNUMBER(E20)),E20<=0),"POSITIVE QTY NEEDED","OK"))))))
C21: =IF(B21="","",IF(COUNTIFS(Inventory!$A$12:$A$61,B21)=1,VLOOKUP(B21,Inventory!$A$12:$B$61,2,FALSE),"CHECK ITEM CODE")) | H21: =IF(COUNTA(A21:B21,D21:G21)=0,"",IF(OR(A21="",B21="",D21="",E21=""),"COMPLETE ENTRY",IF(COUNTIFS(Inventory!$A$12:$A$61,B21)<>1,"CHECK ITEM CODE",IF(OR(NOT(ISNUMBER(A21)),A21<=0),"CHECK DATE",IF(AND(D21<>"IN",D21<>"OUT"),"USE IN OR OUT",IF(OR(NOT(ISNUMBER(E21)),E21<=0),"POSITIVE QTY NEEDED","OK"))))))
C22: =IF(B22="","",IF(COUNTIFS(Inventory!$A$12:$A$61,B22)=1,VLOOKUP(B22,Inventory!$A$12:$B$61,2,FALSE),"CHECK ITEM CODE")) | H22: =IF(COUNTA(A22:B22,D22:G22)=0,"",IF(OR(A22="",B22="",D22="",E22=""),"COMPLETE ENTRY",IF(COUNTIFS(Inventory!$A$12:$A$61,B22)<>1,"CHECK ITEM CODE",IF(OR(NOT(ISNUMBER(A22)),A22<=0),"CHECK DATE",IF(AND(D22<>"IN",D22<>"OUT"),"USE IN OR OUT",IF(OR(NOT(ISNUMBER(E22)),E22<=0),"POSITIVE QTY NEEDED","OK"))))))
C23: =IF(B23="","",IF(COUNTIFS(Inventory!$A$12:$A$61,B23)=1,VLOOKUP(B23,Inventory!$A$12:$B$61,2,FALSE),"CHECK ITEM CODE")) | H23: =IF(COUNTA(A23:B23,D23:G23)=0,"",IF(OR(A23="",B23="",D23="",E23=""),"COMPLETE ENTRY",IF(COUNTIFS(Inventory!$A$12:$A$61,B23)<>1,"CHECK ITEM CODE",IF(OR(NOT(ISNUMBER(A23)),A23<=0),"CHECK DATE",IF(AND(D23<>"IN",D23<>"OUT"),"USE IN OR OUT",IF(OR(NOT(ISNUMBER(E23)),E23<=0),"POSITIVE QTY NEEDED","OK"))))))
C24: =IF(B24="","",IF(COUNTIFS(Inventory!$A$12:$A$61,B24)=1,VLOOKUP(B24,Inventory!$A$12:$B$61,2,FALSE),"CHECK ITEM CODE")) | H24: =IF(COUNTA(A24:B24,D24:G24)=0,"",IF(OR(A24="",B24="",D24="",E24=""),"COMPLETE ENTRY",IF(COUNTIFS(Inventory!$A$12:$A$61,B24)<>1,"CHECK ITEM CODE",IF(OR(NOT(ISNUMBER(A24)),A24<=0),"CHECK DATE",IF(AND(D24<>"IN",D24<>"OUT"),"USE IN OR OUT",IF(OR(NOT(ISNUMBER(E24)),E24<=0),"POSITIVE QTY NEEDED","OK"))))))
C25: =IF(B25="","",IF(COUNTIFS(Inventory!$A$12:$A$61,B25)=1,VLOOKUP(B25,Inventory!$A$12:$B$61,2,FALSE),"CHECK ITEM CODE")) | H25: =IF(COUNTA(A25:B25,D25:G25)=0,"",IF(OR(A25="",B25="",D25="",E25=""),"COMPLETE ENTRY",IF(COUNTIFS(Inventory!$A$12:$A$61,B25)<>1,"CHECK ITEM CODE",IF(OR(NOT(ISNUMBER(A25)),A25<=0),"CHECK DATE",IF(AND(D25<>"IN",D25<>"OUT"),"USE IN OR OUT",IF(OR(NOT(ISNUMBER(E25)),E25<=0),"POSITIVE QTY NEEDED","OK"))))))
... C311: =IF(B311="","",IF(COUNTIFS(Inventory!$A$12:$A$61,B311)=1,VLOOKUP(B311,Inventory!$A$12:$B$61,2,FALSE),"CHECK ITEM CODE")) | H311: =IF(COUNTA(A311:B311,D311:G311)=0,"",IF(OR(A311="",B311="",D311="",E311=""),"COMPLETE ENTRY",IF(COUNTIFS(Inventory!$A$12:$A$61,B311)<>1,"CHECK ITEM CODE",IF(OR(NOT(ISNUMBER(A311)),A311<=0),"CHECK DATE",IF(AND(D311<>"IN",D311<>"OUT"),"USE IN OR OUT",IF(OR(NOT(ISNUMBER(E311)),E311<=0),"POSITIVE QTY NEEDED","OK"))))))
